municipio_tag,bioblitz_date,After_start_date,Before_start_date,During_start_date,After_end_date,Before_end_date,During_end_date,After_n_days,Before_n_days,During_n_days
Araras,2025-05-24,2025-05-25,2025-04-27,2025-05-24,2025-06-21,2025-05-22,2025-05-24,18,13,1
Campina do Monte Alegre,2025-06-28,2025-07-02,2025-05-30,2025-06-28,2025-07-18,2025-06-23,2025-06-28,7,7,1
Sorocaba,2025-06-14,2025-06-15,2025-05-15,2025-06-14,2025-07-14,2025-06-13,2025-06-14,23,24,1
São Carlos,2025-05-17,2025-05-19,2025-04-17,2025-05-17,2025-06-17,2025-05-16,2025-05-18,30,28,2
